snapshot_ts,source,btc_price,ep_profPct,vu_profPct
1781596814,live,66332.5,67.1,55.7
1781596954,live,66384.4,67.1,55.7
1781597093,live,66319.5,67.1,55.7
1781598237,cloud,66387.2,66.7,54.4
1781598536,live,66506.0,67.5,55.3
1781606270,live,66604.0,62.7,56.6
1781612064,live,66514.8,61.9,52.9
1781641362,cloud,65772.9,62.5,49.1
1781671929,live,65940.7,64.3,50.1
1781690567,live,64883.4,60.3,45.9
1781699934,cloud,64762.1,63.6,46.5
1781706837,live,65160.3,64.1,49.7
1781707399,live,65138.4,64.4,48.7
1781708019,live,65172.2,62.3,47.4
1781728663,cloud,64405.2,70.0,40.1
1781752951,live,64444.1,66.7,41.6
1781758225,live,63810.1,65.7,39.0
1781765108,live,64063.8,66.7,41.8
1781769510,live,64435.1,68.6,44.1
1781783802,cloud,63879.6,70.8,39.8
1781792693,live,64073.5,71.8,37.7
1781792713,live,64029.5,71.8,37.7
1781815408,cloud,63087.7,75.0,45.4
1781830327,live,62976.6,72.0,41.8
1781832146,live,63053.6,69.2,39.3
1781872461,cloud,62414.1,72.2,35.2
1781878650,live,63028.3,74.0,43.3
1781896645,cloud,63005.0,71.6,40.0
1781913256,cloud,63281.3,72.4,40.2
1781923471,live,63343.3,67.1,36.5
1781950864,cloud,63588.9,64.4,43.6
1781956025,live,63706.0,65.7,41.0
1781971697,cloud,63959.9,65.3,41.9
1781972081,live,63958.8,65.3,41.8
1781992222,cloud,63993.3,64.4,41.7
1782006179,live,64203.4,61.6,43.4
1782006479,live,64287.1,65.8,44.8
1782032252,live,63956.1,65.6,40.5
1782038679,live,64312.2,64.4,42.5
1782039298,cloud,64292.5,64.4,42.8
1782051770,live,64004.6,70.7,40.3
1782061097,cloud,64064.9,73.2,40.1
1782079242,cloud,63667.8,75.9,40.3
1782109257,live,64111.4,64.3,40.7
1782137773,live,65227.3,70.0,46.0
1782144937,cloud,64612.8,64.8,39.6
1782169113,cloud,63886.1,62.9,37.9
1782183338,live,64204.4,68.3,32.5
1782195303,live,63122.3,67.5,28.4
1782204967,live,62372.2,67.5,29.9
1782211820,cloud,62206.5,64.7,30.5
1782221615,live,62335.6,67.4,28.4
1782238669,cloud,62247.0,68.7,29.6
1782255289,cloud,62479.4,69.2,32.9
1782271216,live,62436.9,68.6,32.3
1782294460,live,62647.6,70.7,30.9
1782297308,cloud,62489.8,69.2,31.6
1782306891,live,62006.9,69.5,30.6
1782308752,live,61507.6,67.6,28.4
1782309589,live,61324.3,66.7,26.5
1782309756,live,61194.8,66.7,26.5
1782315583,live,60632.9,67.0,26.6
1782324806,cloud,59443.9,68.5,27.4
1782341784,cloud,60794.2,73.0,39.4
1782355651,live,60753.3,70.5,35.4
1782362197,live,60826.8,71.7,33.9
1782380388,live,61716.2,72.4,38.5
1782383094,cloud,61493.3,74.4,40.0
1782393141,live,61316.3,73.9,37.9
1782395019,live,60286.8,72.7,34.5
1782395325,live,59449.0,72.7,34.5
1782395669,live,58839.2,73.4,31.1
1782397099,live,59000.4,73.7,31.4
1782412533,cloud,59335.7,69.7,35.0
1782431761,cloud,59719.9,67.4,37.9
1782437944,live,59274.9,69.8,30.2
1782442130,live,58622.4,75.3,26.8
1782448156,live,59955.0,71.2,34.3
1782471024,live,59436.9,69.5,29.9
1782472827,cloud,59347.2,69.5,29.2
1782485257,live,59640.2,63.9,33.3
1782488312,live,60386.1,64.4,35.3
1782490266,live,60189.0,67.2,33.8
1782497624,cloud,60008.0,66.7,32.3
1782514572,cloud,59935.7,68.1,32.7
1782551675,cloud,60261.4,62.7,29.9
1782569318,live,60541.3,65.2,35.0
1782572664,cloud,60477.8,66.7,34.0
1782590088,cloud,60107.8,67.9,30.6
1782603560,cloud,59939.3,67.5,30.5
1782630562,live,60081.2,65.4,31.0
1782641700,cloud,60174.2,66.2,34.6
1782659722,live,60031.6,65.4,36.0
1782662032,cloud,59869.3,64.6,34.1
1782679157,cloud,59602.7,64.1,31.2
1782702334,live,59918.8,69.5,31.0
1782714873,live,60104.2,67.9,35.3
1782728124,live,60207.2,69.7,33.9
1782737405,cloud,59850.2,69.1,33.1
1782745750,live,59187.1,66.3,32.8
1782747049,live,59517.4,68.8,31.0
1782761107,cloud,60311.5,65.2,41.2
1782776339,cloud,60183.9,63.6,40.3
1782788679,live,59940.1,64.6,39.0
1782792168,live,59560.1,65.3,35.9
1782793142,live,59464.6,65.0,35.2
1782793657,live,59507.4,64.0,36.3
1782806144,live,59491.9,67.6,35.1
1782807415,live,59400.0,67.6,35.7
1782811483,live,59296.8,66.0,33.5
1782819000,cloud,59122.7,67.0,33.0
1782828724,live,58942.1,71.1,33.8
1782831284,live,58494.6,67.7,32.8
1782832354,live,58365.1,69.1,31.1
1782832467,live,58438.2,69.1,31.1
1782832626,live,58248.6,68.4,31.1
1782833233,live,58396.1,68.4,31.4
1782843871,cloud,58435.7,63.5,30.5
1782863060,cloud,58491.0,66.7,29.4
1782876871,live,58865.0,65.0,33.1
1782878201,live,59200.1,68.4,37.5
1782880662,live,59208.1,67.3,38.9
1782893905,live,58673.3,68.3,31.2
1782896596,live,58900.0,64.7,30.8
1782899977,live,58930.4,63.5,33.8
1782906186,cloud,58594.4,63.6,30.8
1782915701,live,59974.4,63.2,37.4
1782933266,cloud,60216.2,64.6,33.6
1782951553,cloud,59755.8,60.0,30.6
1782959200,live,60160.8,61.8,36.8
1782959949,live,60360.2,62.5,36.8
1782965784,live,60870.0,66.3,39.9
1782972278,live,60418.3,63.8,37.9
1782980007,live,60262.8,65.9,36.8
1782985322,live,61000.0,65.9,36.8
1782990828,cloud,61233.4,65.6,36.9
1783000155,live,61899.7,64.8,36.9
1783001907,live,61908.8,64.8,36.9
1783003606,live,61478.1,63.0,42.9
1783004065,live,61536.2,63.0,42.9
1783016293,cloud,61688.0,64.4,43.0
1783032470,cloud,61440.1,69.0,41.1
1783043837,live,61614.3,66.7,46.1
1783053632,live,61482.1,63.5,44.4
1783058295,live,61678.9,65.1,47.9
1783059770,live,61680.0,64.4,49.0
1783060590,live,61698.5,64.0,48.5
1783061905,live,61700.9,64.4,48.1
1783072279,live,61726.7,62.4,47.7
1783073500,cloud,61620.8,64.8,47.4
1783090958,live,62179.9,64.3,51.3
1783095385,cloud,61921.4,62.9,49.7
1783098055,live,62087.9,63.5,50.0
1783111365,cloud,62578.7,65.7,51.2
1783137335,live,62605.0,67.4,48.6
1783138310,live,62670.8,67.0,48.4
1783150320,cloud,62490.7,65.3,48.3
1783153764,live,62545.7,65.0,48.2
1783167190,cloud,62513.0,66.0,47.6
1783171026,live,62612.5,64.0,48.6
1783175202,live,62648.7,64.6,47.4
1783179021,live,62867.4,64.3,49.0
1783183068,cloud,62860.4,62.6,48.6
1783197053,cloud,63120.0,61.1,46.1
1783220066,live,62610.3,67.3,45.7
1783239956,cloud,62888.0,68.8,44.3
1783243530,live,62735.5,67.3,44.7
1783254910,live,62656.5,70.5,43.8
1783263286,cloud,62678.0,69.6,44.2
1783263901,live,62890.1,69.1,43.5
1783277144,cloud,62702.3,66.7,45.4
1783290936,cloud,63514.9,65.3,48.1
1783304769,live,63578.8,62.8,47.0
1783342972,cloud,61603.4,64.1,40.6
1783347697,live,61757.7,62.2,42.3
1783365760,cloud,63759.2,63.4,44.5
1783381559,cloud,64036.6,64.4,43.1
1783385035,live,64056.5,65.6,45.2
1783394583,live,63323.3,64.9,40.5
1783405303,live,63092.6,68.5,40.2
1783417474,live,63271.0,69.2,40.5
1783418066,live,63242.6,68.5,41.0
1783423441,cloud,63140.1,68.1,40.6
1783451830,cloud,63459.3,61.4,38.2
1783467113,cloud,63603.8,63.9,35.4
1783502203,cloud,61824.8,64.7,31.8
1783520951,live,62004.3,62.2,32.2
1783527413,cloud,61741.9,64.2,32.3
1783543632,cloud,62140.9,62.5,35.8
1783587366,cloud,62875.9,71.0,41.9
1783617959,cloud,62752.2,66.0,39.4
1783637503,cloud,63193.0,65.6,37.5
1783679822,cloud,64359.4,70.1,48.6
1783704608,cloud,63922.0,67.0,40.2
1783719585,cloud,64017.9,65.4,38.8
1783751242,cloud,64167.8,64.1,36.8
1783766730,cloud,64094.9,66.3,39.7
1783780673,cloud,64384.7,65.7,41.6
1783793360,cloud,64256.0,67.7,42.2
1783805716,cloud,64313.0,70.1,44.6
1783841753,cloud,63831.5,66.3,35.7
1783856708,cloud,63953.8,66.0,39.3
1783857877,live,63954.5,66.3,39.3
1783870787,cloud,64103.2,69.1,43.0
1783886253,cloud,64202.2,68.7,43.0
1783895577,cloud,63772.8,63.9,35.0
1783939330,cloud,62875.9,67.4,33.3
1783966392,cloud,61813.6,62.3,30.9
1783980859,cloud,62116.8,61.5,30.0
1784011063,cloud,62664.2,66.4,39.3
1784030430,cloud,62788.6,63.8,39.8
1784047494,cloud,64784.6,66.3,43.6
1784061761,cloud,64378.0,65.9,43.6
1784073894,cloud,64970.4,60.8,45.4
1784100656,cloud,64483.4,68.0,46.3
1784120136,cloud,65077.8,67.7,46.5
1784137815,cloud,64999.2,64.3,44.8
1784151147,cloud,64835.4,67.7,42.0
1784183874,cloud,64605.5,64.4,42.2
1784203842,cloud,64118.0,68.9,36.8
1784214541,cloud,64338.1,66.3,38.3
1784222815,cloud,64122.1,61.0,39.8
1784229831,cloud,64131.1,61.0,39.8
1784236272,cloud,64113.9,61.1,34.0
1784243065,cloud,63884.7,62.4,31.8
1784246864,cloud,63708.3,62.5,39.8
1784261653,cloud,63438.2,63.6,35.2
1784273038,cloud,62813.9,64.9,31.4
1784282836,cloud,63031.7,67.7,34.2
1784290604,cloud,63204.5,64.3,32.6
1784299744,cloud,63190.7,65.3,35.0
1784305296,cloud,63431.1,68.4,39.7
1784311917,cloud,64004.4,66.0,41.8
1784319111,cloud,63984.3,62.2,37.7
1784325612,cloud,64040.6,60.9,36.0
1784329001,cloud,63942.0,62.4,37.1
1784332695,cloud,63895.8,62.6,37.4
1784344684,cloud,63948.8,64.0,35.4
1784355114,cloud,63928.0,63.6,35.0
1784364858,cloud,63951.0,63.3,35.8
1784370338,cloud,63951.3,63.3,35.3
1784375931,cloud,64021.2,64.4,35.3
1784381978,cloud,64017.3,63.3,33.8
1784386988,cloud,64079.8,62.6,36.1
1784390603,cloud,64074.8,64.8,35.2
1784394407,cloud,64250.0,62.2,38.1
1784397788,cloud,64439.5,64.0,39.7
1784402201,cloud,64546.9,62.0,39.7
1784408417,cloud,64652.7,62.0,39.1
1784411827,cloud,64732.9,61.8,39.9
1784415450,cloud,64783.9,62.9,40.9
1784419196,cloud,64787.8,62.5,39.3
1784432326,cloud,64622.4,62.6,40.1
1784443112,cloud,64680.3,62.5,40.5
1784452208,cloud,64631.8,63.4,42.9
1784459748,cloud,64550.0,63.8,41.1
1784468540,cloud,64363.2,66.3,40.1
1784473475,cloud,64536.2,64.9,40.6
1784477039,cloud,64530.1,63.5,41.6
1784480949,cloud,64550.0,63.8,39.4
1784488636,cloud,64423.6,64.9,38.3
1784494895,cloud,64504.9,68.1,41.5
1784498377,cloud,64359.3,66.7,39.1
1784501974,cloud,64626.1,63.5,43.2
1784505844,cloud,64556.8,63.9,42.2
1784519696,cloud,64803.4,64.2,40.6
1784530541,cloud,63863.4,63.2,34.6
1784542722,cloud,64206.4,66.7,39.0
1784553074,cloud,64642.1,68.5,43.0
1784562993,cloud,65509.0,67.0,44.2
1784571086,cloud,65550.7,62.8,47.0
1784579175,cloud,65259.0,65.9,43.2
1784585264,cloud,65162.4,66.7,43.2
1784592224,cloud,65145.1,68.8,43.5
1784604875,cloud,65436.0,66.7,47.7
1784615803,cloud,65932.5,65.6,50.4
1784626365,cloud,66259.8,64.9,51.0
1784634762,cloud,66318.6,63.8,50.1
1784639077,live,66517.3,66.3,49.2
1784643092,cloud,66887.7,67.4,49.2
1784651806,cloud,66550.8,70.0,46.4
1784657998,cloud,66228.2,67.5,45.2
1784665314,cloud,66343.6,64.6,44.5
1784671704,cloud,66276.2,67.1,46.2
1784678389,cloud,66506.8,64.2,45.0
1784691123,cloud,66266.9,62.9,40.5
1784702269,cloud,65935.3,59.6,37.6
1784712775,cloud,65922.4,60.7,39.8
1784721324,cloud,65993.8,59.1,38.9
1784729718,cloud,65850.0,61.6,41.7
1784737624,cloud,65907.6,61.3,41.1
1784744108,cloud,65955.8,60.2,41.0
1784751422,cloud,65870.4,56.8,41.8
1784758306,cloud,65978.2,59.1,41.8
1784765319,cloud,66188.1,61.4,39.7
1784780532,cloud,65650.0,57.8,39.9
1784792379,cloud,65405.7,56.7,39.8
1784802705,cloud,65751.6,61.5,41.0
1784810723,cloud,65066.3,53.3,37.7
1784819890,cloud,64794.9,58.1,36.0
1784828387,cloud,64751.5,61.5,36.3
1784835469,cloud,64829.8,57.7,33.4
1784841271,cloud,65001.5,58.2,37.1
1784847902,cloud,65120.0,59.1,36.1
1784851627,cloud,64965.9,57.1,34.1
1784864222,cloud,65254.5,55.3,34.9
1784874880,cloud,65370.0,56.0,37.9
1784885223,cloud,64953.9,60.2,37.6
1784893699,cloud,64811.6,59.3,35.0
1784901785,cloud,64025.3,60.2,31.9
1784907384,cloud,64128.4,61.2,33.9
1784915097,cloud,64106.0,64.2,33.8
1784922057,cloud,64191.4,63.7,31.0
1784927589,cloud,64092.9,65.0,31.0
1784934593,cloud,64094.8,62.3,30.9
1784950236,cloud,64008.0,65.4,31.0
1784960703,cloud,63930.0,65.7,30.9
1784970357,cloud,63786.9,66.3,30.7
1784976060,cloud,63950.5,64.8,30.4
1784981193,cloud,64012.8,64.8,31.0
1784987830,cloud,64086.0,66.4,32.3
1784992317,cloud,64162.8,66.3,32.3
1784999365,cloud,64159.0,65.4,34.9
1785007230,cloud,64354.2,62.1,36.0
1785013333,cloud,64264.9,62.9,34.6
1785016877,cloud,64303.7,62.9,34.4
1785020489,cloud,64352.6,62.5,35.2
1785024383,cloud,64335.6,61.5,35.1
1785037740,cloud,64481.9,64.7,37.9
1785048207,cloud,64314.9,67.3,36.6
1785057689,cloud,64485.3,68.9,36.9
1785065088,cloud,64452.0,70.6,37.6
1785073571,cloud,64506.4,68.3,37.6
1785078703,cloud,64625.1,66.0,38.1
1785085857,cloud,64660.9,63.3,41.2
1785093790,cloud,64661.5,64.4,38.4
1785099919,cloud,64617.4,64.4,37.6
1785103701,cloud,65100.2,65.7,42.0
1785110858,cloud,65186.3,67.6,43.0
1785127412,cloud,65337.2,63.5,43.3
1785141541,cloud,65113.8,64.6,44.3
1785155627,cloud,64801.1,66.0,42.8
1785167300,cloud,64540.9,58.7,31.1
1785174544,cloud,64905.8,56.9,35.1
1785181590,cloud,64909.4,59.0,37.2
1785187147,cloud,64818.3,62.5,35.5
1785193977,cloud,63719.4,62.1,29.9
1785209131,cloud,63245.7,58.1,27.8
1785220496,cloud,63457.5,58.7,29.6
1785231694,cloud,63458.2,56.0,30.1
1785240202,cloud,63383.8,56.7,27.8
1785248920,cloud,63089.8,61.5,26.4
1785257144,cloud,63831.3,59.8,34.9
1785262813,cloud,63614.2,58.3,32.2
1785270075,cloud,63892.6,60.0,35.0
1785276707,cloud,63925.0,61.0,35.9
1785283438,cloud,63934.5,60.8,35.6
1785295745,cloud,63727.8,59.4,31.5
1785307202,cloud,64339.5,57.8,34.9
1785318261,cloud,64512.7,58.5,37.1
1785326904,cloud,64380.0,57.3,36.6
1785337997,cloud,64085.3,65.1,31.6
1785345781,cloud,63711.2,66.3,33.9
1785353739,cloud,63883.7,61.8,32.8
1785359171,cloud,63292.7,67.6,28.7
1785362877,cloud,63879.9,67.0,31.5
1785370022,cloud,63948.7,68.3,33.8
1785381494,cloud,64199.0,64.2,34.7
1785393311,cloud,63923.8,68.2,32.6
1785404124,cloud,64520.3,65.2,36.1
1785412635,cloud,64711.3,67.6,38.9
1785421544,cloud,64684.0,61.0,40.5
1785429741,cloud,64724.0,60.6,40.2
1785435800,cloud,64718.4,61.0,41.2
1785442793,cloud,64758.4,61.7,43.9
1785449655,cloud,64852.8,63.4,42.7
1785456669,cloud,64730.2,64.0,42.5
1785472203,cloud,64270.2,59.8,39.0
1785484935,cloud,63846.6,63.6,40.2
1785494855,cloud,63829.6,62.9,40.2
1785502948,cloud,63672.7,65.1,37.4
1785511474,cloud,62437.4,64.1,35.1
1785520026,cloud,63033.4,62.5,37.6
1785527129,cloud,62955.4,64.2,31.8
1785532477,cloud,62946.0,66.0,31.2
1785539442,cloud,62924.6,64.7,30.4
1785555646,cloud,62930.1,62.6,30.4
1785566200,cloud,63003.6,66.0,31.7
1785575494,cloud,63067.8,68.4,32.0
1785583407,cloud,63023.8,68.4,29.9
1785591911,cloud,63013.3,68.6,31.2
1785596887,cloud,63056.6,70.0,32.0
1785604144,cloud,62934.8,70.6,30.8
1785612050,cloud,62514.1,69.2,30.9
1785618153,cloud,62721.5,67.6,31.0
1785621757,cloud,62738.8,69.0,32.0
1785625296,cloud,62793.0,66.3,32.0
1785629019,cloud,62801.9,67.6,31.2
1785642153,cloud,63415.2,71.0,34.8
1785652806,cloud,63398.1,69.2,35.4
1785662121,cloud,63198.1,69.2,34.3
1785669703,cloud,63096.5,66.7,34.5
1785678297,cloud,63018.2,70.1,32.9
1785683315,cloud,63034.6,71.3,33.2
1785690538,cloud,63091.1,71.3,35.0
1785698514,cloud,63275.8,69.8,38.3
1785704592,cloud,63429.6,70.9,39.4
1785708157,cloud,63605.4,73.6,41.6
1785711693,cloud,63327.5,68.6,38.5
1785715512,cloud,63432.8,75.0,38.2
1785728837,cloud,62711.5,72.9,33.7
1785742587,cloud,62582.3,68.0,32.0
1785756968,cloud,62684.8,74.0,33.0
1785769690,cloud,63758.6,71.4,40.9
1785779941,cloud,63831.8,67.8,41.1
1785786466,cloud,63875.4,65.6,40.5
1785791586,cloud,63677.8,66.3,39.1
1785798713,cloud,63512.0,70.1,39.6
1785814094,cloud,63719.7,66.7,39.2
1785825341,cloud,63714.5,65.1,38.5
1785836635,cloud,63512.9,66.7,38.9
1785845275,cloud,63799.0,71.3,42.8
1785857411,cloud,63896.2,70.7,40.1
1785866252,cloud,63908.9,66.3,43.4
1785872838,cloud,64301.4,65.5,44.2
1785878426,cloud,64150.4,64.8,41.4
1785885046,cloud,64358.4,64.8,40.2
1785900185,cloud,64028.8,64.4,44.6
1785911748,cloud,64294.1,68.6,44.9
1785922942,cloud,64116.2,70.0,43.5
1785931504,cloud,64050.0,73.3,44.2
1785940060,cloud,64319.7,68.9,45.9
1785948411,cloud,64594.0,63.8,47.9
1785955211,cloud,64732.2,65.2,46.1
1785962174,cloud,64922.0,63.1,45.4
1785968220,cloud,64623.0,58.1,42.3
1785974712,cloud,64559.6,60.2,43.0
1785986940,cloud,64468.7,62.6,42.8
1785998347,cloud,64771.2,58.9,41.6
1786009528,cloud,64598.8,62.6,38.6
1786018089,cloud,64445.0,61.3,40.0
1786029734,cloud,64681.5,59.0,46.4
1786061392,cloud,64346.9,65.0,43.4
1786074914,cloud,64255.2,60.0,39.6
1786081591,cloud,64196.3,58.3,39.5
1786088163,cloud,64356.4,57.9,40.4
1786093915,cloud,64686.7,59.6,42.3
1786100412,cloud,64849.1,54.3,45.3
1786103449,cloud,64992.5,59.1,46.4
1786108860,cloud,65235.5,59.3,48.1
1786114903,cloud,64916.6,53.9,41.3
1786118482,cloud,64870.4,55.1,41.8
1786122014,cloud,64755.1,53.4,40.8
1786125216,cloud,64652.9,48.9,38.6
1786129624,cloud,64754.0,54.1,37.6
1786132548,cloud,64911.4,53.1,41.9
1786135848,cloud,64931.9,52.9,40.2
1786139308,cloud,64963.9,57.3,38.8
1786142794,cloud,64859.5,53.1,38.2
1786146021,cloud,64862.9,53.0,38.8
1786154929,cloud,64874.9,55.0,39.2
1786162568,cloud,64935.1,51.2,41.2
1786168127,cloud,64960.8,53.0,40.0
1786172718,cloud,64966.3,53.7,38.6
1786175682,cloud,64928.2,51.9,39.3
1786179117,cloud,64957.1,53.0,39.6
1786182417,cloud,64969.9,57.1,42.3
1786185676,cloud,64983.8,58.3,41.9
1786188948,cloud,64936.6,55.6,41.2
1786194260,cloud,64963.5,56.6,42.2
1786197106,cloud,64972.7,55.2,41.7
1786199936,cloud,65133.7,55.2,41.8
1786203413,cloud,65032.4,55.2,41.8
1786207405,cloud,65012.2,55.2,41.8
1786210677,cloud,65095.7,55.2,41.8
1786215025,cloud,65015.0,55.2,41.8
1786217812,cloud,64984.6,55.2,41.8
1786221546,cloud,65023.1,55.2,41.8
1786225079,cloud,65001.8,55.2,41.8
1786228665,cloud,64927.3,55.2,41.8
1786232182,cloud,64907.8,55.2,41.8
1786242040,cloud,64782.3,55.2,41.8
1786249456,cloud,64759.9,55.2,41.8
1786254732,cloud,64730.3,55.2,41.8
1786259248,cloud,64793.8,55.2,41.8
1786265644,cloud,64758.2,55.2,41.8
1786268965,cloud,64765.0,55.2,41.8
1786272163,cloud,64889.4,55.2,41.8
1786275420,cloud,64936.2,55.2,41.8
1786280825,cloud,64988.6,58.4,42.8
1786283731,cloud,65174.7,57.3,45.4
1786286527,cloud,65103.6,55.6,44.9
1786289937,cloud,65187.6,54.4,46.9
1786293930,cloud,65206.6,58.2,45.6
1786297113,cloud,65176.9,57.6,47.2
1786301585,cloud,65160.0,59.8,46.1
1786304407,cloud,65151.0,56.5,46.2
1786308184,cloud,65100.0,57.1,46.2
1786311608,cloud,65184.5,57.3,45.4
1786315167,cloud,64979.0,55.2,46.0
1786318727,cloud,64845.1,57.1,41.9
1786328732,cloud,64862.9,56.2,39.1
1786337144,cloud,64990.0,57.1,40.2
1786342561,cloud,65160.6,53.9,43.9
1786351528,cloud,65160.5,65.9,43.3
1786357481,cloud,64991.8,56.7,38.8
1786362859,cloud,65020.9,60.7,40.4
1786368403,cloud,64860.3,62.8,38.6
1786374426,cloud,64616.2,58.4,37.6
1786378043,cloud,64290.1,59.8,39.9
1786381471,cloud,63788.7,61.1,38.0
1786384564,cloud,63824.5,63.7,40.2
1786388837,cloud,63850.4,67.0,39.2
1786395208,cloud,64105.0,63.1,42.5
1786398655,cloud,63928.6,64.3,39.5
1786402083,cloud,63928.8,61.6,37.9
1786405354,cloud,63900.4,63.5,37.8
1786414747,cloud,63998.4,67.1,42.0
1786422368,cloud,64040.3,65.8,42.6
1786427882,cloud,63946.2,62.5,39.0
1786432770,cloud,63857.9,65.1,38.2
1786439264,cloud,64091.8,61.4,38.9
1786445834,cloud,64177.3,56.6,39.2
1786449000,cloud,64293.7,59.0,40.6
1786454581,cloud,64197.3,59.8,40.0
1786460795,cloud,63779.6,64.1,37.8
1786464525,cloud,63522.8,60.2,36.8
1786471237,cloud,63531.7,62.4,37.5
1786475570,cloud,63209.0,60.9,36.8
1786481744,cloud,63665.1,58.8,40.8
1786485394,cloud,63607.1,64.3,41.2
1786488737,cloud,63587.9,64.1,41.9
1786492256,cloud,63566.4,63.6,39.8
1786502021,cloud,63787.4,61.4,45.1
1786510462,cloud,63760.5,65.5,42.2
1786515632,cloud,63626.2,67.8,41.3
1786523071,cloud,63759.6,65.6,43.3
1786529665,cloud,64075.6,69.9,45.1
1786535599,cloud,64173.6,67.8,46.3
1786541671,cloud,63886.1,68.5,45.0
1786547110,cloud,63381.7,67.0,40.7
1786550738,cloud,63403.4,61.2,40.5
1786554399,cloud,63447.3,64.4,39.9
1786557751,cloud,63362.5,61.1,41.6
1786561985,cloud,63335.0,65.5,39.9
1786568120,cloud,63461.6,61.9,40.9
1786571704,cloud,63493.3,62.8,37.7
1786575081,cloud,63352.4,62.1,37.3
1786578673,cloud,63340.0,61.2,39.1
1786588542,cloud,63351.9,66.3,38.7
1786597122,cloud,63641.8,62.8,43.5
1786602103,cloud,63777.8,64.6,45.0
1786610249,cloud,63733.8,63.5,43.2
1786616200,cloud,63571.8,61.6,42.1
1786622055,cloud,63395.0,61.6,38.9
1786628122,cloud,63664.5,60.5,43.5
1786633498,cloud,63850.3,66.7,48.7
1786637109,cloud,63396.5,67.9,44.8
1786640776,cloud,63033.1,65.4,42.1
1786644147,cloud,63143.1,65.0,42.0
1786648398,cloud,63367.5,65.0,42.8
1786654408,cloud,63334.3,70.7,41.8
1786658089,cloud,63400.8,67.9,42.6
1786661560,cloud,63475.4,66.7,44.2
1786665051,cloud,63352.0,67.5,42.1
1786674837,cloud,63469.0,67.5,43.1
1786683346,cloud,63319.2,61.6,38.0
1786688447,cloud,63159.3,61.2,39.7
1786695770,cloud,62815.9,59.6,39.3
1786702312,cloud,62771.6,59.3,37.5
1786708287,cloud,62824.6,57.1,37.7
1786713805,cloud,62603.9,55.6,36.6
1786719582,cloud,62548.8,59.5,36.1
1786723069,cloud,62949.2,59.0,36.2
1786726841,cloud,63092.0,61.0,38.1
1786730231,cloud,62936.9,61.5,39.0
1786734253,cloud,62802.7,59.3,36.9
1786737059,cloud,62890.5,63.0,36.3
1786739856,cloud,62844.0,59.0,36.2
1786743141,cloud,62817.4,60.0,37.1
1786746674,cloud,62781.6,62.2,37.5
1786750110,cloud,62872.2,62.5,36.8
1786758155,cloud,62957.4,61.0,37.6
1786762726,cloud,63071.7,60.2,40.8
1786765570,cloud,63000.0,61.0,40.5
1786768746,cloud,63065.2,61.9,39.8
1786771919,cloud,63050.6,60.2,39.2
1786776650,cloud,63019.7,63.1,38.1
1786779406,cloud,63030.9,61.9,37.6
1786783057,cloud,62960.0,61.0,37.9
1786786367,cloud,62917.1,60.0,35.9
1786789803,cloud,62945.0,60.0,36.5
1786793234,cloud,62960.0,60.9,37.4
1786798322,cloud,62883.2,60.5,36.2
1786800969,cloud,62971.0,62.4,39.0
1786804218,cloud,62965.9,62.4,38.3
1786807701,cloud,62999.5,63.1,38.5
1786811580,cloud,63045.4,66.7,40.0
1786814829,cloud,63001.6,66.7,40.2
1786819174,cloud,62973.6,63.0,39.5
1786822009,cloud,63048.0,64.2,39.8
1786825876,cloud,63005.8,64.2,39.8
1786829291,cloud,63068.7,64.2,39.8
1786832992,cloud,63082.5,64.2,39.8
1786836421,cloud,63037.5,64.2,39.8
1786845055,cloud,62996.9,64.2,39.8
1786849670,cloud,63052.9,64.2,39.8
1786855350,cloud,63052.0,64.2,39.8
1786858486,cloud,63006.1,64.2,39.8
1786863164,cloud,63001.9,64.2,39.8
1786865851,cloud,62993.5,64.2,39.8
1786869510,cloud,63008.6,64.2,39.8
1786872856,cloud,63000.9,64.2,39.8
1786876250,cloud,62941.3,64.2,39.8
1786879616,cloud,62915.3,64.2,39.8
1786884822,cloud,62945.0,64.2,39.8
1786887421,cloud,62991.5,64.2,39.8
1786890929,cloud,63022.5,64.2,39.8
1786894123,cloud,63045.8,64.2,39.8
1786898020,cloud,63274.1,64.2,39.8
1786901162,cloud,63125.0,64.2,39.8
1786905521,cloud,63074.6,64.2,39.8
1786908396,cloud,63142.5,64.2,39.8
1786912253,cloud,63017.4,64.2,39.8
1786915638,cloud,62957.8,64.2,39.8
1786919365,cloud,62771.4,64.2,39.8
1786922829,cloud,62790.7,64.2,39.8
1786931282,cloud,63120.9,64.2,39.8
1786936038,cloud,63320.3,64.2,39.8
1786942310,cloud,63504.5,64.2,39.8
1786945245,cloud,63385.9,64.2,39.8
1786950557,cloud,63525.3,64.2,39.8
1786956798,cloud,63289.1,64.2,39.8
1786960284,cloud,63238.6,64.2,39.8
1786963159,cloud,63482.8,64.2,39.8
1786966370,cloud,63628.1,64.2,39.8
1786971507,cloud,63493.6,64.2,39.8
1786974253,cloud,63639.7,64.2,39.8
1786977345,cloud,63596.2,64.2,39.8
1786980721,cloud,63977.1,64.2,39.8
1786984573,cloud,64056.3,64.2,39.8
1786988085,cloud,64096.1,64.2,39.8
1786992621,cloud,64397.5,57.3,46.0
1786995262,cloud,64298.5,59.7,44.8
1786998882,cloud,64327.8,59.2,44.1
1787002348,cloud,64293.8,58.1,45.5
1787005931,cloud,64229.3,59.2,43.6
1787009345,cloud,64434.3,60.3,43.3
1787017392,cloud,64200.0,60.3,45.1
1787022173,cloud,64068.7,59.7,41.8
1787025054,cloud,64086.6,59.5,41.7
1787028177,cloud,64166.6,57.5,41.0
1787031367,cloud,64132.0,57.9,41.6
1787036170,cloud,64219.0,56.4,44.2
1787039118,cloud,64186.6,54.4,42.0
1787042827,cloud,64217.7,54.5,42.1
1787046034,cloud,64106.1,53.9,40.9
1787049399,cloud,64134.7,53.3,41.6
1787052728,cloud,64289.8,54.7,42.8
1787058007,cloud,64161.7,53.3,40.5
1787060901,cloud,64120.3,52.8,41.0
1787064048,cloud,64686.2,59.2,39.9
1787067516,cloud,64803.4,56.5,45.4
1787071178,cloud,64749.1,58.2,41.4
1787074467,cloud,64760.0,60.3,41.9
1787078972,cloud,64758.5,58.5,42.4
1787081602,cloud,64711.3,59.3,41.8
1787085124,cloud,64559.2,55.0,41.5
1787088650,cloud,64578.9,56.2,40.2
1787092299,cloud,64552.6,55.0,39.8
1787095740,cloud,64685.0,58.5,39.9
1787103899,cloud,64370.6,58.2,42.8
1787108706,cloud,64302.5,62.2,39.3
1787111614,cloud,64302.6,60.2,40.4
1787114653,cloud,64290.1,61.9,40.3
1787117842,cloud,64272.5,61.4,38.1
1787122593,cloud,64284.3,60.7,43.7
1787125554,cloud,64300.8,59.3,45.5
1787129257,cloud,64404.7,56.1,46.8
1787132475,cloud,64323.2,61.3,45.4
1787135773,cloud,64344.9,61.7,42.4
1787139142,cloud,64471.9,59.5,45.7
1787144458,cloud,64743.0,56.6,50.9
1787147390,cloud,65024.8,54.3,48.0
1787150481,cloud,65416.2,61.4,47.3
1787153918,cloud,68377.6,56.1,54.4
1787157529,cloud,68753.4,60.0,55.5
1787160783,cloud,67815.4,58.3,54.0
1787165134,cloud,68413.2,63.5,52.5
1787167932,cloud,68195.3,63.6,54.4
1787171782,cloud,68682.6,59.8,54.2
1787175148,cloud,69810.0,62.2,59.6
1787178720,cloud,69123.7,61.5,59.6
1787182170,cloud,69362.0,60.6,58.8
1787190223,cloud,69585.8,67.7,56.8
1787195072,cloud,69130.9,65.7,56.4
1787197998,cloud,69188.1,67.3,54.4
1787201113,cloud,69284.7,70.3,56.2
1787204263,cloud,69551.5,71.3,55.9
1787209044,cloud,69803.2,72.4,56.1
1787212088,cloud,69552.9,70.9,54.6
1787215747,cloud,71666.6,71.4,57.3
1787218911,cloud,71895.8,73.6,56.8
1787222289,cloud,71842.8,74.0,57.7
1787225680,cloud,72116.0,70.1,55.4
1787231004,cloud,71961.8,69.4,52.8
1787233949,cloud,71690.7,73.6,55.3
1787237006,cloud,71421.4,72.1,55.2
1787240433,cloud,72232.2,71.4,55.8
1787244154,cloud,72533.6,72.4,55.7
1787247411,cloud,72705.2,78.2,55.6
1787251865,cloud,72521.2,75.4,52.6
1787254615,cloud,72657.2,76.9,54.3
1787258227,cloud,72900.9,75.4,53.5
1787261726,cloud,72805.1,74.4,53.8
1787265343,cloud,72764.7,74.4,54.5
1787268749,cloud,73279.3,74.6,54.5
1787276956,cloud,75351.8,73.3,57.6
1787281829,cloud,74291.0,72.0,57.6
1787287681,cloud,74981.4,71.7,57.3
1787290765,cloud,75223.7,72.4,57.9
1787295528,cloud,75550.0,74.0,59.3
1787298564,cloud,76427.7,73.6,61.6
1787302227,cloud,78176.9,73.6,63.1
1787305489,cloud,78296.0,75.8,59.2
1787308661,cloud,77725.9,77.2,60.0
1787311965,cloud,76758.6,76.0,60.7
1787317348,cloud,77099.7,76.2,59.9
1787320259,cloud,77561.3,73.4,58.3
1787323376,cloud,76950.1,73.2,58.3
1787326846,cloud,77583.2,73.7,58.9
1787330534,cloud,77303.1,72.9,55.9
1787333778,cloud,77513.9,71.5,54.1
1787338111,cloud,76698.4,71.6,53.7
1787340647,cloud,77282.4,68.3,51.8
1787344373,cloud,77481.1,75.0,55.5
1787347889,cloud,78149.6,74.4,55.5
1787351539,cloud,78216.4,77.9,57.0
1787355055,cloud,78416.9,76.3,54.8
1787362942,cloud,77980.0,75.8,57.7
1787367693,cloud,78468.9,71.1,56.9
1787370491,cloud,78606.2,69.9,57.9
1787373640,cloud,78687.1,71.5,57.1
1787376843,cloud,77267.1,71.8,55.3
1787381567,cloud,77462.0,71.5,54.2
1787384277,cloud,77423.8,72.3,54.8
1787387955,cloud,77109.0,69.0,52.4
1787391254,cloud,77213.7,70.1,52.7
1787394674,cloud,76912.7,70.0,49.8
1787398052,cloud,76919.5,69.6,51.1
1787403206,cloud,77267.4,71.8,53.1
1787405857,cloud,77103.7,72.4,50.8
1787408945,cloud,77080.0,71.5,52.0
1787412503,cloud,76982.7,72.7,49.4
1787416375,cloud,77186.7,71.5,51.2
1787419642,cloud,77276.7,69.0,52.4
1787424030,cloud,77255.7,74.0,53.6
1787426886,cloud,77279.7,73.6,54.1
1787430691,cloud,77318.5,75.4,54.7
1787434132,cloud,77193.1,73.8,50.5
1787437786,cloud,77052.1,71.5,50.8
1787441252,cloud,76985.9,72.4,49.9
1787449923,cloud,77236.6,73.0,50.6
1787454633,cloud,77007.4,69.8,48.5
1787460295,cloud,76801.1,70.4,46.8
1787463396,cloud,76251.0,71.0,48.2
1787467996,cloud,76186.1,68.3,48.9
1787470788,cloud,76105.9,67.7,50.2
1787474383,cloud,76430.6,67.7,51.3
1787477706,cloud,76482.0,70.2,52.3
1787481076,cloud,76738.1,71.9,53.5
1787484434,cloud,77188.8,74.4,55.0
1787489671,cloud,77147.6,73.8,54.4
1787492272,cloud,77469.6,74.6,55.7
1787495434,cloud,77444.4,74.0,57.1
1787498967,cloud,77175.9,72.0,55.0
1787502882,cloud,77357.4,73.4,54.2
1787506024,cloud,77253.8,73.2,54.7
1787510401,cloud,77320.0,76.0,54.8
1787513239,cloud,77352.5,73.0,52.3
1787517094,cloud,77387.9,74.2,54.0
1787520498,cloud,77968.8,77.5,57.0
1787524194,cloud,77676.3,74.8,54.4
1787527692,cloud,77567.4,75.6,55.7
1787536178,cloud,77236.6,69.4,49.0
1787541079,cloud,77288.2,69.8,48.4
1787547254,cloud,76843.1,68.8,48.0
1787550287,cloud,77110.5,67.2,46.5
1787555559,cloud,77743.2,71.1,47.6
1787561825,cloud,77029.5,66.4,46.2
1787565348,cloud,77572.8,72.1,47.1
1787568244,cloud,77722.7,74.8,47.7
1787571350,cloud,78341.5,73.1,47.3
1787576681,cloud,79001.3,73.4,55.0
1787579822,cloud,78495.2,71.8,45.8
1787583049,cloud,79431.0,74.0,53.0
1787586464,cloud,79484.0,73.2,51.7
1787590044,cloud,79360.7,74.2,49.3
1787593031,cloud,78739.9,71.8,42.7
1787597482,cloud,79006.5,75.6,44.8
1787600134,cloud,78861.6,70.9,42.7
1787603963,cloud,78983.8,72.5,43.2
1787607385,cloud,78927.7,73.5,46.9
1787610873,cloud,78839.5,74.4,45.7
1787614102,cloud,78892.6,71.3,44.2
1787622262,cloud,79696.6,74.6,50.1
1787627221,cloud,80874.6,73.8,52.8
1787630100,cloud,80520.2,73.4,53.5
1787633238,cloud,80317.6,76.6,51.4
1787636306,cloud,80755.2,75.6,55.2
